-- MySQL dump 10.13  Distrib 8.0.17, for Win64 (x86_64)
--
-- Host: localhost    Database: dxg
-- ------------------------------------------------------
-- Server version	8.0.17

/*!40101 SET @OLD_CHARACTER_SET_CLIENT=@@CHARACTER_SET_CLIENT */;
/*!40101 SET @OLD_CHARACTER_SET_RESULTS=@@CHARACTER_SET_RESULTS */;
/*!40101 SET @OLD_COLLATION_CONNECTION=@@COLLATION_CONNECTION */;
/*!50503 SET NAMES utf8 */;
/*!40103 SET @OLD_TIME_ZONE=@@TIME_ZONE */;
/*!40103 SET TIME_ZONE='+00:00' */;
/*!40014 SET @OLD_UNIQUE_CHECKS=@@UNIQUE_CHECKS, UNIQUE_CHECKS=0 */;
/*!40014 SET @OLD_FOREIGN_KEY_CHECKS=@@FOREIGN_KEY_CHECKS, FOREIGN_KEY_CHECKS=0 */;
/*!40101 SET @OLD_SQL_MODE=@@SQL_MODE, SQL_MODE='NO_AUTO_VALUE_ON_ZERO' */;
/*!40111 SET @OLD_SQL_NOTES=@@SQL_NOTES, SQL_NOTES=0 */;

--
-- Table structure for table `ostate`
--

DROP TABLE IF EXISTS `ostate`;
/*!40101 SET @saved_cs_client     = @@character_set_client */;
/*!50503 SET character_set_client = utf8mb4 */;
CREATE TABLE `ostate` (
  `id` int(11) NOT NULL,
  `value` varchar(45) DEFAULT NULL,
  PRIMARY KEY (`id`)
) ENGINE=InnoDB DEFAULT CHARSET=utf8mb4 COLLATE=utf8mb4_0900_ai_ci;
/*!40101 SET character_set_client = @saved_cs_client */;

--
-- Dumping data for table `ostate`
--

LOCK TABLES `ostate` WRITE;
/*!40000 ALTER TABLE `ostate` DISABLE KEYS */;
INSERT INTO `ostate` VALUES (0,'下单'),(1,'已付款'),(2,'清货中'),(3,'已发货'),(4,'申请退款'),(5,'已退款');
/*!40000 ALTER TABLE `ostate` ENABLE KEYS */;
UNLOCK TABLES;

--
-- Table structure for table `pgroup`
--

DROP TABLE IF EXISTS `pgroup`;
/*!40101 SET @saved_cs_client     = @@character_set_client */;
/*!50503 SET character_set_client = utf8mb4 */;
CREATE TABLE `pgroup` (
  `id` varchar(45) NOT NULL,
  `starttime` timestamp(6) NULL DEFAULT NULL,
  `endtime` timestamp(6) NULL DEFAULT NULL,
  PRIMARY KEY (`id`)
) ENGINE=InnoDB DEFAULT CHARSET=utf8mb4 COLLATE=utf8mb4_0900_ai_ci;
/*!40101 SET character_set_client = @saved_cs_client */;

--
-- Dumping data for table `pgroup`
--

LOCK TABLES `pgroup` WRITE;
/*!40000 ALTER TABLE `pgroup` DISABLE KEYS */;
INSERT INTO `pgroup` VALUES ('90101','2019-07-31 16:00:00.000000','2020-07-31 16:00:00.000000'),('90102','2019-07-31 16:00:00.000000','2020-07-31 16:00:00.000000'),('90103','2019-07-31 16:00:00.000000','2020-07-31 16:00:00.000000'),('90301','2019-07-31 16:00:00.000000','2020-07-31 16:00:00.000000'),('90401','2019-07-31 16:00:00.000000','2020-07-31 16:00:00.000000');
/*!40000 ALTER TABLE `pgroup` ENABLE KEYS */;
UNLOCK TABLES;

--
-- Table structure for table `porder`
--

DROP TABLE IF EXISTS `porder`;
/*!40101 SET @saved_cs_client     = @@character_set_client */;
/*!50503 SET character_set_client = utf8mb4 */;
CREATE TABLE `porder` (
  `id` varchar(45) NOT NULL,
  `username` varchar(45) DEFAULT NULL,
  `productid` varchar(45) DEFAULT NULL,
  `ocount` int(11) DEFAULT NULL,
  `state` int(11) DEFAULT '0',
  `time` datetime DEFAULT CURRENT_TIMESTAMP,
  `price` varchar(45) DEFAULT NULL,
  PRIMARY KEY (`id`),
  KEY `user_idx` (`username`),
  KEY `product_idx` (`productid`),
  KEY `state_idx` (`state`),
  CONSTRAINT `product` FOREIGN KEY (`productid`) REFERENCES `product` (`id`),
  CONSTRAINT `state` FOREIGN KEY (`state`) REFERENCES `ostate` (`id`),
  CONSTRAINT `user` FOREIGN KEY (`username`) REFERENCES `user` (`username`)
) ENGINE=InnoDB DEFAULT CHARSET=utf8mb4 COLLATE=utf8mb4_0900_ai_ci;
/*!40101 SET character_set_client = @saved_cs_client */;

--
-- Dumping data for table `porder`
--

LOCK TABLES `porder` WRITE;
/*!40000 ALTER TABLE `porder` DISABLE KEYS */;
/*!40000 ALTER TABLE `porder` ENABLE KEYS */;
UNLOCK TABLES;

--
-- Table structure for table `product`
--

DROP TABLE IF EXISTS `product`;
/*!40101 SET @saved_cs_client     = @@character_set_client */;
/*!50503 SET character_set_client = utf8mb4 */;
CREATE TABLE `product` (
  `id` varchar(45) NOT NULL,
  `username` varchar(45) DEFAULT NULL,
  `uploadtime` datetime DEFAULT CURRENT_TIMESTAMP,
  `pname` varchar(45) DEFAULT NULL,
  `price` varchar(45) DEFAULT NULL,
  `description` varchar(1000) DEFAULT NULL,
  `pcount` int(11) DEFAULT NULL,
  `enabled` int(11) NOT NULL DEFAULT '1',
  `groupid` varchar(45) DEFAULT NULL,
  PRIMARY KEY (`id`),
  KEY `groupid_idx` (`groupid`),
  CONSTRAINT `groupid` FOREIGN KEY (`groupid`) REFERENCES `pgroup` (`id`)
) ENGINE=InnoDB DEFAULT CHARSET=utf8mb4 COLLATE=utf8mb4_0900_ai_ci;
/*!40101 SET character_set_client = @saved_cs_client */;

--
-- Dumping data for table `product`
--

LOCK TABLES `product` WRITE;
/*!40000 ALTER TABLE `product` DISABLE KEYS */;
INSERT INTO `product` VALUES ('1567749482837','897694163','2019-08-01 00:00:00','兰泉普色赤榴花','55','',999,1,'90101'),('1567749482838','897694163','2019-08-01 00:00:00','兰泉普色花向阳','55','',999,1,'90101'),('1567749482839','897694163','2019-08-01 00:00:00','兰泉普色抹茶','55','',999,1,'90101'),('1567749482840','897694163','2019-08-01 00:00:00','兰泉普色翠缥','55','',999,1,'90101'),('1567749482841','897694163','2019-08-01 00:00:00','兰泉普色水映晴空','55','',999,1,'90101'),('1567749482842','897694163','2019-08-01 00:00:00','兰泉普色墨青花','55','',999,1,'90101'),('1567749482843','897694163','2019-08-01 00:00:00','兰泉普色云锦天机','55','',999,1,'90101'),('1567749482844','897694163','2019-08-01 00:00:00','兰泉普色隐夜','55','',999,1,'90101'),('1567749482845','897694163','2019-08-01 00:00:00','兰泉普色绒花','55','',999,1,'90101'),('1567749482846','897694163','2019-08-01 00:00:00','兰泉普色桃后枝','55','',999,1,'90101'),('1567749482847','897694163','2019-08-01 00:00:00','兰泉普色小团月','55','',999,1,'90101'),('1567749482848','897694163','2019-08-01 00:00:00','兰泉普色淡鲸灰','55','',999,1,'90101'),('1567749482849','897694163','2019-08-01 00:00:00','兰泉普色风信紫','55','',999,1,'90101'),('1567749482850','897694163','2019-08-01 00:00:00','兰泉普色池雾春笙','55','',999,1,'90101'),('1567749482851','897694163','2019-08-01 00:00:00','小柠里汁（9月群限定）','75','',999,1,'90102'),('1567749482852','897694163','2019-08-01 00:00:00','taccia牛仔裤01黑色','70','',999,1,'90103'),('1567749482853','897694163','2019-08-01 00:00:00','taccia牛仔裤02暗深蓝','70','',999,1,'90103'),('1567749482854','897694163','2019-08-01 00:00:00','taccia牛仔裤03深蓝','70','',999,1,'90103'),('1567749482855','897694163','2019-08-01 00:00:00','taccia牛仔裤04浅蓝','70','',999,1,'90103'),('1567749482856','897694163','2019-08-01 00:00:00','taccia牛仔裤05灰蓝','70','',999,1,'90103'),('1567749482857','897694163','2019-08-01 00:00:00','taccia牛仔裤06浅灰蓝','70','',999,1,'90103'),('1567749482858','897694163','2019-08-01 00:00:00','taccia牛仔裤07海蓝','70','',999,1,'90103'),('1567749482859','897694163','2019-08-01 00:00:00','PP普色-黑色','85','',999,1,'90101'),('1567749482860','897694163','2019-08-01 00:00:00','PP普色-勃艮第','85','',999,1,'90101'),('1567749482861','897694163','2019-08-01 00:00:00','PP普色-焦糖','85','',999,1,'90101'),('1567749482862','897694163','2019-08-01 00:00:00','PP普色-樱桃红','85','',999,1,'90101'),('1567749482863','897694163','2019-08-01 00:00:00','PP普色-森林绿','85','',999,1,'90101'),('1567749482864','897694163','2019-08-01 00:00:00','PP普色-勿忘我','85','',999,1,'90101'),('1567749482865','897694163','2019-08-01 00:00:00','PP普色-情人红','85','',999,1,'90101'),('1567749482866','897694163','2019-08-01 00:00:00','PP普色-午夜蓝','85','',999,1,'90101'),('1567749482867','897694163','2019-08-01 00:00:00','PP普色-青苔绿','85','',999,1,'90101'),('1567749482868','897694163','2019-08-01 00:00:00','PP普色-牡蛎灰','85','',999,1,'90101'),('1567749482869','897694163','2019-08-01 00:00:00','PP普色-孔雀蓝','85','',999,1,'90101'),('1567749482870','897694163','2019-08-01 00:00:00','PP普色-山核桃','85','',999,1,'90101'),('1567749482871','897694163','2019-08-01 00:00:00','PP普色-乌贼','85','',999,1,'90101'),('1567749482872','897694163','2019-08-01 00:00:00','PP普色-紫罗兰','85','',999,1,'90101'),('1567749482873','897694163','2019-08-01 00:00:00','PP普色-黄色','85','',999,1,'90101'),('1567749482874','897694163','2019-08-01 00:00:00','PP奥尔良限定-河浒将夜','95','',999,1,'90102'),('1567749482875','897694163','2019-08-01 00:00:00','PP奥尔良限定-电车绿','95','',999,1,'90102'),('1567749482876','897694163','2019-08-01 00:00:00','PP奥尔良限定-鸡尾酒','95','',999,1,'90102'),('1567749482877','897694163','2019-08-01 00:00:00','PP奥尔良限定-皇家街宝蓝','95','',999,1,'90102'),('1567749482878','897694163','2019-08-01 00:00:00','PP奥尔良限定-旭日之屋','95','',999,1,'90102'),('1567749482879','897694163','2019-08-01 00:00:00','PP奥尔良限定-红豆饭','95','',999,1,'90102'),('1567749482880','897694163','2019-08-01 00:00:00','PP奥尔良限定-印第安紫','95','',999,1,'90102'),('1567749482881','897694163','2019-08-01 00:00:00','PP奥尔良限定-花园区杜鹃','95','',999,1,'90102'),('1567749482882','897694163','2019-08-01 00:00:00','蓝浓-水色','50','',999,1,'90301'),('1567749482883','897694163','2019-08-01 00:00:00','蓝浓-水沙莲','50','',999,1,'90301'),('1567749482884','897694163','2019-08-01 00:00:00','蓝浓-沪尾','50','',999,1,'90301'),('1567749482885','897694163','2019-08-01 00:00:00','蓝浓-铁绀','50','',999,1,'90301'),('1567749482886','897694163','2019-08-01 00:00:00','蓝浓-熨斗目花','50','',999,1,'90301'),('1567749482887','897694163','2019-08-01 00:00:00','蓝浓-浅葱','50','',999,1,'90301'),('1567749482888','897694163','2019-08-01 00:00:00','蓝浓-绀蓝','50','',999,1,'90301'),('1567749482889','897694163','2019-08-01 00:00:00','蓝浓-纳户','50','',999,1,'90301'),('1567749482890','897694163','2019-08-01 00:00:00','蓝浓-昙天（防水）','60','',999,1,'90301'),('1567749482891','897694163','2019-08-01 00:00:00','蓝浓-薄暮（防水）','60','',999,1,'90301'),('1567749482892','897694163','2019-08-01 00:00:00','蓝浓-苍穹（防水）','60','',999,1,'90301'),('1567749482893','897694163','2019-08-01 00:00:00','蓝浓-合欢蓝','55','',999,1,'90301'),('1567749482894','897694163','2019-08-01 00:00:00','蓝浓-文旦（19秋限）','65','',999,1,'90301'),('1567749482895','897694163','2019-08-01 00:00:00','蓝浓-秋刀魚（19秋限）','65','',999,1,'90301'),('1567749482896','897694163','2019-08-01 00:00:00','藍濃-欒樹（19秋限）','65','',999,1,'90301'),('1567749482897','897694163','2019-08-01 00:00:00','兰泉-中秋节限定','75','',999,1,'90401');
/*!40000 ALTER TABLE `product` ENABLE KEYS */;
UNLOCK TABLES;

--
-- Table structure for table `user`
--

DROP TABLE IF EXISTS `user`;
/*!40101 SET @saved_cs_client     = @@character_set_client */;
/*!50503 SET character_set_client = utf8mb4 */;
CREATE TABLE `user` (
  `username` varchar(45) NOT NULL,
  `uname` varchar(45) DEFAULT NULL,
  `password` varchar(45) NOT NULL,
  `address` text,
  `phone` varchar(45) NOT NULL,
  `email` varchar(45) DEFAULT NULL,
  `role` varchar(45) NOT NULL DEFAULT 'ROLE_USER',
  `enabled` varchar(45) NOT NULL DEFAULT '1',
  PRIMARY KEY (`username`)
) ENGINE=InnoDB DEFAULT CHARSET=utf8mb4 COLLATE=utf8mb4_0900_ai_ci;
/*!40101 SET character_set_client = @saved_cs_client */;

--
-- Dumping data for table `user`
--

LOCK TABLES `user` WRITE;
/*!40000 ALTER TABLE `user` DISABLE KEYS */;
INSERT INTO `user` VALUES ('10029775','1116-如今','{noop}0000','云南省昆明市西山区华晨路华都花园A区28栋3单元101室','13608880049','10029775@qq.com','ROLE_USER','1'),('1003819434','1187-问津','{noop}0000','山西省大同市平城区大同大学专家公寓七号楼三单元','18435225965','1003819434@qq.com','ROLE_USER','1'),('1005312391','567二椰','{noop}0000','浙江省宁波市镇海区北环东路1188号宁波大学植物园校区','18258716812','qsj1207@126.com','ROLE_USER','1'),('1010037091','番薯夫斯基','{noop}0000','杰兮卡 15119084697 广东省惠州市惠城区:桥西街道麦岸 路8号华泰大厦A501','13802357412','1010037091@qq.com','ROLE_USER','1'),('1012039929','百悬','{noop}0000','江苏省徐州市沛县大屯煤电公司安泰小区三十三号楼三单元五零二','15152080043','1012039929@qq.com','ROLE_USER','1'),('1015959139','青瑾','{noop}0000','黑龙江省哈尔滨市南岗区自兴街2号加气站 张凯收','13704848193','1015959139@qq.com','ROLE_USER','1'),('1025065819','526-小土','{noop}0000','安徽省铜陵市义安区听松苑2期5栋306','15656252936','1025065819@qq.com','ROLE_USER','1'),('1031141260','槿豫','{noop}0000','浙江省杭州市下城区三塘樱园3幢2单元201','15168316835','1031141260@qq.com','ROLE_USER','1'),('104988892','苏沐云','{noop}0000','广东省广州市荔湾区芳村花园15号丰巢快递柜','18211574529','104988892@qq.com','ROLE_USER','1'),('1050156712','芒果','{noop}0000','宁夏回族自治区中卫市沙坡头区鼓楼南街文博苑七号楼二单元601','13299557589','1050156712@qq.com','ROLE_USER','1'),('1054057250','风入松','{noop}0000','北京市丰台区冬季星空14号楼203','18810956897','1054057250@qq.com','ROLE_USER','1'),('1054597441','淮山','{noop}0000','湖南省衡阳市耒阳市德泰隆路婴姿坊','18570947064','1054597441@qq.com','ROLE_USER','1'),('1062071356','珉珉','{noop}0000','湖南省怀化市新晃县一完小新门卫','18374575813','1062071356@qq.com','ROLE_USER','1'),('1075306474','Lyon','{noop}0000','湖南省长沙市雨花区香樟路558号香樟景苑','18627553126','jin_226@163.com','ROLE_USER','1'),('1078422196','yyc','{noop}0000','江苏省苏州市姑苏区东环路50号苏州大学东校区','13007488127','1078422196@qq.com','ROLE_USER','1'),('1097101979','1166木苜','{noop}0000','山东省威海市荣成市崖头街道学院路2006号哈尔滨理工大学荣成校区','15762539173','1097101979@qq.com','ROLE_USER','1'),('1098496412','温夫良','{noop}0000','安徽省淮南市田家庵区云景华城九号楼1105','15955453077','1098496412@qq.com','ROLE_USER','1'),('1098651261','维他柠檬茶','{noop}0000','广西省桂林市兴安县兴安中学门口奶茶店','15676314962','1098651261@qq.com','ROLE_USER','1'),('1101254552','779-昙天','{noop}0000','广东省东莞市万江区上东国际一栋一单元','13794873731','1101254552@qq.com','ROLE_USER','1'),('1119067374','帝子降兮','{noop}0000','黑龙江省哈尔滨市道里区友谊路501-2 丽水华庭B2002','13845000567','air.yuan2457@gmail.com','ROLE_USER','1'),('112257538','79-璟','{noop}0000','广东省珠海市香洲区拱北街道 珠澳跨境通关中心B區E健轉翡翠店(1379萧沛怡)','17765902027','112257538@qq.com','ROLE_USER','1'),('1125631371','無有','{noop}0000','深圳市宝安区松岗街道御景城','18899777266','1125631371@qq.com','ROLE_USER','1'),('1141157450','368阿锦','{noop}0000','贵州省贵阳市白云区都新社区服务中心西二环与北二环交界处贵阳俊发城','18259009287','1141157450@qq.com','ROLE_USER','1'),('1148520372','球球','{noop}0000','广东省深圳市福田区福莲花园8栋105 小潘收','17788744990','1148520372@qq.com','ROLE_USER','1'),('1153684784','519尔冬','{noop}0000','河南省郑州市金水区河南财经政法大学龙子湖校区','15638595804','1153684784@qq.com','ROLE_USER','1'),('1158507913','盐酸','{noop}0000','广东省珠海市香洲区唐家湾镇金鼎会同社区新文化小镇','18023085815','1158507913@qq.com','ROLE_USER','1'),('1161348260','186南野','{noop}0000','安徽省淮南市谢家集区李郢孜范圩小区','15655446882','1161348260@qq.com','ROLE_USER','1'),('1173192245','mlnt','{noop}0000','江苏省南京市栖霞区仙林街道文苑路9号南京邮电大学仙林校区','18168058836','1173192245@qq.com','ROLE_USER','1'),('1178201098','925-呼呼','{noop}0000','山东省泰安市泰山区泮河大街7号','15553808163','1178201098@qq.com','ROLE_USER','1'),('1179891930','陌子','{noop}0000','天津市大港区学府路634号南开大学滨海学院','18722691190','1179891930@qq.com','ROLE_USER','1'),('1185279020','358-kello','{noop}0000','云南省昆明市嵩明县杨林镇杨林职教园区云南大学滇池学院','18487141482','1185279020@qq.com','ROLE_USER','1'),('1187618848','清风叹','{noop}0000','广东省深圳市宝安区西乡桃源居11区5栋','15817473327','1187618848@qq.com','ROLE_USER','1'),('1191799109','Joker','{noop}0000','陕西省西安市碑林区张家村街道西北工业大学快递服务中心','18009242082','1191799109@qq.com','ROLE_USER','1'),('1194946950','1121-啾啾','{noop}0000','广东省茂名市茂南区乙烯一区58栋703','15016659405','1194946950@qq.com','ROLE_USER','1'),('1198235890','282-咩哈哈哈哈哈','{noop}0000','江苏省南京市栖霞区仙林大道163号南京大学仙林校区','18722987841','1198235890@qq.com','ROLE_USER','1'),('1204105956','淺夕','{noop}0000','江苏省连云港市海州区南极南路鹰游水岸','15351869606','1204105956@qq.com','ROLE_USER','1'),('1213814648','夏朵诺布尔','{noop}0000','湖南省永州市新田县龙泉镇滨河西路44号烟草专卖局','18274691125','1213814648@qq.com','ROLE_USER','1'),('1223668740','678西北','{noop}0000','江西省赣州市章贡区蟠龙镇赣南师范大学黄金校区','13525675573','1223668740@qq.com','ROLE_USER','1'),('1226777213','懿安','{noop}0000','江苏省南京市浦口区雨山西路86号南京审计大学泽园书院','15273012367','1226777213@qq.com','ROLE_USER','1'),('1228206237','苏沫','{noop}0000','安徽省合肥市瑶海区定远路中段东侧人才苑北村2幢','13215510919','1228206237@qq.com','ROLE_USER','1'),('12345678','testUsr','{noop}0000','N/A','13456789014','test@qq.com','ROLE_USER','1'),('1239037482','484珂珂','{noop}0000','收货人: 陆知微 手机号码: 13656646555 所在地区: 浙江省杭州市下城区天水街道 详细地址: 中河北路90号下城区城市管理行政执法局','18958180961','1239037482@qq.com','ROLE_USER','1'),('1241357504','尾号三','{noop}0000','广东省江门市台山市台城桥湖路142号103卡','17727044976','1241357504@qq.com','ROLE_USER','1'),('1242202498','买草莓送桂圆 吧唧一口～','{noop}0000','广西柳州市柳南区柳邕路277-1.2栋','13607808475','1242202498@qq.com','ROLE_USER','1'),('1252528907','归寂','{noop}0000','北京市 海淀区 清华园街道 清华大学 紫荆学生公寓8号楼','15023060889','1252528907@qq.com','ROLE_USER','1'),('125492976','属洲','{noop}0000','河南省郑州市惠济区河南牧业经济学院英才校区','17836950552','125492976@qq.com','ROLE_USER','1'),('1257203928','667-小简','{noop}0000','江西省萍乡市安源区长兴南路加州阳光多伦多六栋101','13507997001','1257203928@qq.com','ROLE_USER','1'),('1258150665','1150在女娲山滑行的波斯菊','{noop}0000','青岛市青岛理工大学家属院','17860163188','1258150665@qq.com','ROLE_USER','1'),('1260896250','谖言','{noop}0000','云南省昆明市呈贡区吴家营街道聚贤街768号云南师范大学','18087245287','1260896250@qq.com','ROLE_USER','1'),('1262076407','34-Imagine','{noop}0000','收货人: 李享承 手机号码: 19877201632 所在地区: 江苏省南京市江宁区淳化街道 详细地址: 江苏省南京市江宁区龙眠大道639号中国药科大学','19877201632','1262076407@qq.com','ROLE_USER','1'),('1265288005','254二亖','{noop}0000','江苏省无锡市梁溪区五河苑59号601室','13151940126(假期时候发这个）/13057328009(上学时候发这个)','1265288005@qq.com','ROLE_USER','1'),('1273675666','015vc','{noop}0000','黑龙江省哈尔滨市南岗区和兴街道学府路1号福顺尚都小区14栋','13144536313','1273675666@qq.com','ROLE_USER','1'),('1279697868','时雨苓玖','{noop}0000','北京市海淀区安宁庄西路上第moma1-1-1005','18500139075','1279697868@qq.com','ROLE_USER','1'),('1291829139','千秋','{noop}0000','有两个，一个家一个学校，常用是学校。学校：收货人: 千秋 手机号码: 15266703288 所在地区: 山东省青岛市崂山区沙子口街道 详细地址: 松岭路238号中国海洋大学崂山校区南区宿舍 家：收货人: 千秋 手机号码: 15266703288 所在地区: 山东省滨州市滨城区杜店街道 详细地址: 黄河六路渤海十八路十九路之间丰泽御景13号楼2单元放西门云柜','15266703288','1291829139@qq.com','ROLE_USER','1'),('1301702174','319-俞江寒','{noop}0000','上海市杨浦区五角场街道 国定路440号 复旦大学东区18号楼314','19921306923','1301702174@qq.com','ROLE_USER','1'),('1301830811','懒懒','{noop}0000','上海市浦东新区鹏岳路70弄5号103室（尽量放丰巢）','18817777465','1301830811@qq.com','ROLE_USER','1'),('1305287072','初肆','{noop}0000','陕西省西安市莲湖区劳动南路旭景名园','15389035550','1305287072@qq.com','ROLE_USER','1'),('1306488675','宋青虞','{noop}0000','福建省莆田市仙游县鲤城镇解放东路272号','18150437167','1306488675@qq.com','ROLE_USER','1'),('1315473475','沈遂白','{noop}0000','云南省昆明市​呈贡区马金铺街道高登街2502号云南财经大学-中华职业学院','15331459739','1315473475@qq.com','ROLE_USER','1'),('1316479439','169顾安辞','{noop}0000','重庆市九龙坡区保利花半里玫瑰园','19923474313','1316479439@qq.com','ROLE_USER','1'),('1317751389','885嘟嘟','{noop}0000','广东省阳春市河西逸锦园','15875172915','1317751389@qq.com','ROLE_USER','1'),('1326698677','701suhn','{noop}0000','广东省深圳市南山区荔园路25号翠竹园11栋404','13927376731','1326698677@qq.com','ROLE_USER','1'),('1336384181','055苏九','{noop}0000','安徽省合肥市瑶海区磨店乡 文忠路与学林路交叉口 合肥幼儿师范高等专科学校','18855457428','1336384181@qq.com','ROLE_USER','1'),('13392774657','0417紫苏','{noop}0000','江西省景德镇市浮梁县湘湖镇湘湖村景德镇陶瓷大学湘湖校区','13392774657','1137172556@qq.com','ROLE_USER','1'),('1343118774','1011沐汐','{noop}0000','石家庄市新华区信通花园2-2-501','13503311973','1343118774@qq.com','ROLE_USER','1'),('1346975501','419子羊','{noop}0000','四川省雅安市雨城区东街大道四川农业大学第三住宿区','19981067380','1346975501@qq.com','ROLE_USER','1'),('136303964','004貘子','{noop}0000','安徽省宿州市恒大御景湾物业','13053126295','136303964@qq.com','ROLE_USER','1'),('1363861207','217-Ro','{noop}0000','河南郑州','18795990298','1363861207@qq.com','ROLE_USER','1'),('137028203','722-ss','{noop}0000','河南省郑州市中牟县白沙镇郑开大道河南财政金融学院象湖校区','18838951815','137028203@qq.com','ROLE_USER','1'),('1374010663','57-莹莹','{noop}0000','浙江省金华市磐安县安文镇芭蕉坞4号3楼','13586208369','1374010663@qq.com','ROLE_USER','1'),('1404287186','168柿','{noop}0000','海南省海口市凤凰新村东座','18889915091','1404287186@qq.com','ROLE_USER','1'),('1406008553','猫粮','{noop}0000','浙江省杭州市余杭区梅堰小区55-2','18258136555','1406008553@qq.com','ROLE_USER','1'),('1416289952','芃野','{noop}0000','四川成都郫都区团结镇学院街67号四川传媒学院','13573323927','1416289952@qq.com','ROLE_USER','1'),('1422567653','985出莎翁','{noop}0000','广西省贺州市八步区建设西路爱民路爱群巷113号','15207843887','1422567653@qq.com','ROLE_USER','1'),('1430062715','Alucard','{noop}0000','江苏省南京市栖霞区燕子矶街道幕府山庄71幢一单元202 王雅妮','13813826630','1430062715@qq.com','ROLE_USER','1'),('1434541339','夜唱','{noop}0000','浙江省宁波市海曙区环城西路南段688弄89号','13777082236','1434541339@qq.com','ROLE_USER','1'),('1458103719','454-柳遥','{noop}0000','云南省玉溪市玉水金岸','15694670247','1458103719@qq.com','ROLE_USER','1'),('1465940954','275森森','{noop}0000','福建省 福州市 马尾区 儒江和谐家园','19905912796','1465940954@qq.com','ROLE_USER','1'),('1473435949','逢知','{noop}0000','内蒙古','17604720011','1473435949@qq.com','ROLE_USER','1'),('1479060401','子青','{noop}0000','广东省珠海市香洲区唐家湾镇会同社区UIC新文化小镇快递服务中心','13610016121','1479060401@qq.com','ROLE_USER','1'),('1481743938','13楼','{noop}0000','山东省德州市德城区广川街道大学西路德州学院东校区','17762028931','1481743938@qq.com','ROLE_USER','1'),('1484933685','白白','{noop}0000','湖南省长沙市岳麓区南园路128号麓山枫情','13507491553','1484933685@qq.com','ROLE_USER','1'),('1486375895','莎莎','{noop}0000','江苏省苏州市吴中区金枫南路198号博济科技园1幢6楼','18036810935','1486375895@qq.com','ROLE_USER','1'),('1511529012','1141皮皮','{noop}0000','江西省南昌市青山湖区志敏大道1101号江西农业大学','17346610550','1511529012@qq.com','ROLE_USER','1'),('1512188606','罐头响铛铛','{noop}0000','四川省成都市双流区成都信息工程大学','13982037611','1512188606@qq.com','ROLE_USER','1'),('1515239438','469-猫的生肖石','{noop}0000','浙江省嘉兴市平湖市独山港镇聚福佳苑129号','18268253655','1515239438@qq.com','ROLE_USER','1'),('1515620133','誉非','{noop}0000','天津市静海区团泊镇北华南路天津中医药大学新校区','15950501000','1515620133@qq.com','ROLE_USER','1'),('1516408155','叶青禾','{noop}0000','河北省石家庄市裕华区建华南大街309号','15359142885','1516408155@qq.com','ROLE_USER','1'),('1519915636','294','{noop}0000','四川省乐山市市中区龙游路西段58号一幢二单元14楼一号','18081308604','1519915636@qq.com','ROLE_USER','1'),('1520623867','1215-温珩','{noop}0000','福建省福州市鼓楼区井大路卫前街18号建银公寓301','18084717104','1520623867@qq.com','ROLE_USER','1'),('1565646351','518陈一清','{noop}0000','福建省泉州市丰泽区东海街道通港西街298号黎明职业大学','13616992846','1565646351@qq.com','ROLE_USER','1'),('1573534399','797－林霖凌','{noop}0000','江苏省无锡市惠山区堰桥街道金惠苑菜鸟驿站','18018330579','1573534399@qq.com','ROLE_USER','1'),('1575303420','013-曼珠','{noop}0000','辽宁省丹东市振兴区纤维街49号楼1单元4楼8号','18840572102','1575303420@qq.com','ROLE_USER','1'),('1601868051','醒醒','{noop}0000','浙江省杭州市上城区大学路新村9-19-302','15384088468','1601868051@qq.com','ROLE_USER','1'),('1627024504','587岑杨','{noop}0000','湖北省武汉市江岸区百步亭花园怡和苑北区504栋','18627091710','1627024504@qq.com','ROLE_USER','1'),('1666831677','霖桉','{noop}0000','上海市青浦区徐泾镇前云路金云村66弄96号304','18321628059','1666831677@qq.com','ROLE_USER','1'),('1679312066','922mia','{noop}0000','黑龙江省大庆市让胡路区悦园小区3-7-2-502','13555521747','1679312066@qq.com','ROLE_USER','1'),('1715387261','24-千里硬糖','{noop}0000','辽宁省大连市中山区港乐园11-2601','13591809851','1715387261@qq.com','ROLE_USER','1'),('1725034198','瑾斐','{noop}0000','.','.','1725034198@qq.com','ROLE_USER','1'),('1744218460','912江舒杭咕咕咕','{noop}0000','云南省昆明市安宁市连然街道昆钢望湖小区67幢2单元','19987156219','babybiby@126.com','ROLE_USER','1'),('1754046836','朱顏','{noop}0000','北京北京市通州区宋庄镇宋庄徐宋东四街北京水木源画室','13910597593','1754046836@qq.com','ROLE_USER','1'),('1764604583','云羴乱','{noop}0000','上海市浦东新区三林镇杨思路华夏小区南门旁丰巢快递柜','18217510236','1764604583@qq.com','ROLE_USER','1'),('1782777564','924言言','{noop}0000','广东省茂名市茂南区红旗北路2号供销大楼','13692638939','1782777564@qq.com','ROLE_USER','1'),('1792785927','148阿甜','{noop}0000','北京市丰台区草桥欣园4区17号楼408','18518293373','1792785927@qq.com','ROLE_USER','1'),('1809130877','211鹿街','{noop}0000','湖北省宜昌市西陵区西岭街道大学路八号三峡大学东苑学生公寓四栋','13207220752','1809130877@qq.com','ROLE_USER','1'),('181706766','黯汐','{noop}0000','陕西省西安市雁塔区长延堡街道朱雀路南段6号紫郡长安','13571820127','181706766@qq.com','ROLE_USER','1'),('185444166','林浔','{noop}0000','浙江省杭州市余杭区崇贤北秀向阳苑西区15-1-401','18057163570','185444166@qq.com','ROLE_USER','1'),('185993388','918-秦子衍','{noop}0000','浙江省杭州市西湖区留下街道西溪路896号杭州万向职业技术学院','15306524966','185993388@qq.com','ROLE_USER','1'),('1901637820','鹌鹑不是鸟蛋','{noop}0000','江苏省泰州市泰兴市济川南路阳光家园菜鸟驿站','19825625573','1901637820@qq.com','ROLE_USER','1'),('190454554','656青墨','{noop}0000','广东省东莞市虎門鎮懷德社區大埔工業區二區6號(轉-會員137176/brenda青墨)','13038818720','190454554@qq.com','ROLE_USER','1'),('1916745427','困困','{noop}0000','上海市普陀区凯旋北路1555弄52号1601室','18721049136','1916745427@qq.com','ROLE_USER','1'),('1933054201','秃背','{noop}0000','收货人: 樊ab 手机号码: 19946266292 所在地区: 上海上海市浦东新区南汇新城镇 详细地址: 沪城环路1111号上海建桥学院临港校区 北区','19946266292','1933054201@qq.com','ROLE_USER','1'),('1969344609','温凉','{noop}0000','江苏省无锡市滨湖区天鹅湖花园A区59-501','18661284565','xue_kehui@126.com','ROLE_USER','1'),('1971348705','226–聿','{noop}0000','安徽省池州市东至县安徽省东至二中旁南门桥超市','18815669684','1971348705@qq.com','ROLE_USER','1'),('1976206733','58颜乱','{noop}0000','江苏省苏州市吴江区黎里镇浦北路179号苏州八木时装有限公司','15250517995','1976206733@qq.com','ROLE_USER','1'),('198357556','纪檬','{noop}0000','北京市海淀区北下关街道高粱桥斜街44号北京交通大学东校区','18354116777','198357556@qq.com','ROLE_USER','1'),('2013594137','玛卡巴卡','{noop}0000','云南省昆明市西山区邦盛新时代电器城5栋20号','17773834629','2013594137@qq.com','ROLE_USER','1'),('2023625434','249','{noop}0000','浙江省杭州市萧山区新塘街道颐和花园丰巢','13567150772','13567150772@163.com','ROLE_USER','1'),('2025155792','74律聿','{noop}0000','江苏省盐城市东台市城东新区晨光满园一号楼','15195185950','2025155792@qq.com','ROLE_USER','1'),('2034014178','724秃头珞瑶','{noop}0000','四川省成都市青羊区汪家拐街道文庙西街79号','15108480227','2034014178@qq.com','ROLE_USER','1'),('2050921235','有灵魂的酷哥','{noop}0000','江苏省南通市崇川区万濠星城1栋1803','13625178230','2050921235@qq.com','ROLE_USER','1'),('2063945472','653-阿笨','{noop}0000','湖北省武汉市东西湖区武汉轻工大学金银湖校区菜鸟驿站','15813622696','2063945472@qq.com','ROLE_USER','1'),('2065167011','张咸菜','{noop}0000','江苏省常州市武进区遥观镇塘桥村南街77号放申通','18168807519','2065167011@qq.com','ROLE_USER','1'),('2065537327','睿欣','{noop}0000','浙江省舟山市定海区沿港东路78号三幢201','18358059497','2065537327@qq.com','ROLE_USER','1'),('208837515','旖凌','{noop}0000','江苏省无锡市江阴市弘建公园国际167-601','13812570393','208837515@qq.com','ROLE_USER','1'),('2094768615','969-七柒','{noop}0000','江苏省泰州市靖江市碧桂园10幢2单元1802','13775712269','2094768615@qq.com','ROLE_USER','1'),('2095861834','吃货大将军','{noop}0000','江苏省连云港市新浦区裕州南路58号苍梧小区40号楼','18861330458','2095861834@qq.com','ROLE_USER','1'),('2111434247','烧麦','{noop}0000','湖北省恩施州巴东县溪丘湾乡平阳坝信用社','18672253299','2111434247@qq.com','ROLE_USER','1'),('2129199486','611 清欢','{noop}0000','福建省南平市邵武市通泰开发区文昌路二巷四号','15359099130','2129199486@qq.com','ROLE_USER','1'),('2163443013','白夜','{noop}0000','上海市宝山区友谊路街道恒鑫公寓入口处丰巢','18201983141','2163443013@qq.com','ROLE_USER','1'),('2174344685','琥珀公园','{noop}0000','江苏省南京江宁区淳化街道弘景大道3601号南京晓庄学院方山校区','15295809183','2174344685@qq.com','ROLE_USER','1'),('2180004904','516某双','{noop}0000','安徽省阜阳市阜南县淮河路提捷果汁','18855852016','1120391756@qq.com','ROLE_USER','1'),('2209200923','401 陆闻舟','{noop}0000','广东省广州市越秀区北京街道东风中路粤财大厦12楼','13609053528','2209200923@qq.com','ROLE_USER','1'),('2210579526','1066千流','{noop}0000','安徽省合肥市巢湖市凤凰山街道湖畔名郡3期','15215511706','2210579526@qq.com','ROLE_USER','1'),('2210729715','620江世安','{noop}0000','天津市西青区宾水西道393号天津师范大学主校区','17695796231','2210729716@qq.com','ROLE_USER','1'),('2217379436','小番茄','{noop}0000','上海市农南路60号快递柜','13917140867','2217379436@qq.com','ROLE_USER','1'),('2252667043','大变态','{noop}0000','上海市闵行区东川路800号上海交通大学快递站','18964902942','ponderousfmm@163.com','ROLE_USER','1'),('2262367122','老楠木','{noop}0000','山东省青岛市李沧区浮山路街道福临万家一期B区四号楼一单元504','13061285615','2262367122@qq.com','ROLE_USER','1'),('2279772210','710-芋圆','{noop}0000','江苏省南京市浦口区顶山大道盛泉新城22栋1104','13327822083','2279772210@qq.com','ROLE_USER','1'),('2297054320','410','{noop}0000','江苏省淮安市清江浦区盐河镇淮阴工学院枚乘路校区','15162742948','2297054320@qq.com','ROLE_USER','1'),('2302239026','1022聆汐','{noop}0000','北京市石景山区鲁谷路74号院玉兴园小区丰巢自提柜','18911736320','2302239026@qq.com','ROLE_USER','1'),('2312754244','我（bu）是张起灵','{noop}0000','江苏无锡市瑞江花园','13656179180','2312754244@qq.com','ROLE_USER','1'),('2317918488','140茶筠','{noop}0000','北京市通州区故城东路新华小区','15210471109','a13671272151zyy@qq.com','ROLE_USER','1'),('2332323776','233森狸','{noop}0000','广东省深圳市南山区学府路学林雅苑9栋','18312521474','2332323776@qq.com','ROLE_USER','1'),('2360702466','胡不喜','{noop}0000','江苏省常州市武进区戚墅堰河苑东村3幢14号','15651021926','2360702466@qq.com','ROLE_USER','1'),('2364348272','151不二','{noop}0000','贵州省贵阳市南明区后巢乡中坝幸福小区','17784960805','2364348272@qq.com','ROLE_USER','1'),('2394381201','444','{noop}0000','四川省成都市温江区柳台大道555号','18510651635','2394381201@qq.com','ROLE_USER','1'),('2403545069','804-東南','{noop}0000','江苏省盐城市阜宁县碧水豪园九号楼小店','13921899927','yinfatong@163.com','ROLE_USER','1'),('2406536896','阿雪','{noop}0000','海南省海口市龙华区金宇街道金濂路5号广电家园','18976473296','2406536896@qq.com','ROLE_USER','1'),('2406772727','沈愉','{noop}0000','江苏省无锡市滨湖区万科金域蓝湾2-1502','15358997973','2406772727@qq.com','ROLE_USER','1'),('2422264669','1048 氪金过度没有钱买墨水的白䓘！','{noop}0000','收货人: 亦云 手机号码: 13581712977 所在地区: 北京北京市朝阳区来广营镇 详细地址: 佳兴园北苑五号院一号楼五单元403','13581712977','james24036583@163.com','ROLE_USER','1'),('2427649092','Nymeria','{noop}0000','上海市松江区广富林路3455弄五期5号楼','15001717922','2427649092@qq.com','ROLE_USER','1'),('2432694495','172小柔','{noop}0000','海南省海口市秀英区秀英街道祥和家园','13322067576','2432694495@qq.com','ROLE_USER','1'),('2469306019','临夏','{noop}0000','北京市海淀区北京交通大学主校区','13701290737','2469306019@qq.com','ROLE_USER','1'),('252285370','芝芝','{noop}0000','湖北省武汉市洪山区青菱街道湖北中医药大学黄家湖校区南区宿舍','17707157996','252285370@qq.com','ROLE_USER','1'),('2532407184','阿玦','{noop}0000','江苏省太仓市城厢镇上海东路168号3幢香塘德威大厦910','17714081406','2532407184@qq.com','ROLE_USER','1'),('25340017','0102驼铃','{noop}0000','广东省广州市天河区棠下街道华景路175号华景新城逸宁居31H','13752054518','25340017@qq.com','ROLE_USER','1'),('2543854560','秦子槐','{noop}0000','18307754290','20050319gy','2543854560@qq.com','ROLE_USER','1'),('2550668604','晚星','{noop}0000','重庆市渝北区宝圣大道301西政南门菜鸟驿站','15123599619','591809555@qq.com','ROLE_USER','1'),('2553148228','糖橙','{noop}0000','上海市奉贤区海湾旅游区海思路999号华东理工大学奉贤校区','18317044825','2553148228@qq.com','ROLE_USER','1'),('2553627365','1101-四月','{noop}0000','江苏省常州市钟楼区永红街道蓝色星空2栋','13776836121','2553627365@qq.com','ROLE_USER','1'),('2574853020','623 言十二','{noop}0000','北京市昌平区沙河高教园中央财经大学','15117928166','2574853020@qq.com','ROLE_USER','1'),('2587184707','723-阡陌','{noop}0000','湖南省郴州市宜章县玉溪镇民主东路10号教育局对面','13975735237','2587184707@qq.com','ROLE_USER','1'),('2593793472','林辞','{noop}0000','内蒙古自治区鄂尔多斯市达拉特旗南园路达拉特旗第一中学','17304840417','2593793473@qq.com','ROLE_USER','1'),('2602336399','997芷雪','{noop}0000','浙江省湖州市德清县武康镇德清县实验学校','17805820298','2602336399@qq.com','ROLE_USER','1'),('2637850638','998-小明','{noop}0000','上海市宝山区新二路999弄167号102室','13701719072','13701719072@163.com','ROLE_USER','1'),('2642885485','309番茄','{noop}0000','辽宁省大连市甘井子区凌水街道软件园路8号大连东软信息学院三期菜鸟驿站','15630928678','2642885485@qq.com','ROLE_USER','1'),('2648169245','365-桑白','{noop}0000','河北省保定市徐水区物探大院','18244221869','2648169245@qq.com','ROLE_USER','1'),('2652018075','姜菌菌菌汤','{noop}0000','广西壮族自治区贺州市贺州高级中学','13635106991','PYH542600163@163.com','ROLE_USER','1'),('2660732554','水星','{noop}0000','湖南省长沙市芙蓉区东湖街道农大路1号湖南农业大学 曹雨涵 15947219212','15947219212','2660732557@qq.com','ROLE_USER','1'),('2695349490','子衿','{noop}0000','江苏省南京市鼓楼区察哈尔路37号','13347731501','2695349490@qq.com','ROLE_USER','1'),('2723465782','154-珞行','{noop}0000','18240805098','Gabriel790913','2723465782@qq.com','ROLE_USER','1'),('273092852','快乐一夏','{noop}0000','浙江嘉兴','13967368266','jwyx07@qq.com','ROLE_USER','1'),('2747394108','973茕茕','{noop}0000','重庆市沙坪坝区小龙坎正街96号','13594393069','2747394108@qq.com','ROLE_USER','1'),('2768296293','沐色','{noop}0000','济南市历城区二环东路1728号七里堡新居2-2-202','18353177577','2768296293@qq.com','ROLE_USER','1'),('2817204306','澄影','{noop}0000','江苏省南京市江宁区龙眠大道639号','13307180588','hylkarentran@163.com','ROLE_USER','1'),('2819922529','小蔡','{noop}0000','湖南省衡阳市蒸湘区湖南交通工程学院','13617305880','2819922529@qq.com','ROLE_USER','1'),('2830564722','1058-小芸儿','{noop}0000','北京市 海淀区 青龙桥街道 厢白旗甲二号院 一号楼 二单元 201','18519153075','2830564722@qq.com','ROLE_USER','1'),('2847789297','五瓜的哥哥三瓜','{noop}0000','江苏省南通市崇川区万濠星城1栋1803','18994252991','2847789297@qq.com','ROLE_USER','1'),('2900878109','1031-王狗蛋','{noop}0000','山东省日照市莒县','15563339321','2900878109@qq.com','ROLE_USER','1'),('291457809','648 阿素','{noop}0000','吉林省长春市朝阳区桂林街道吉林大学新民校区学生一公寓','15144092827','15144092827@163.com','ROLE_USER','1'),('2941110742','靓仔琉锦','{noop}0000','驻马店','15346529810','2941110742@qq.com','ROLE_USER','1'),('2942235932','柏林','{noop}0000','河北省邯郸市丛台区丛台东街道 详细地址: 丛台路150号文化旅游局','18630035930','2942235932@qq.com','ROLE_USER','1'),('2946755286','85-江谛.','{noop}0000','浙江省杭州市江干区笕桥街道明桂北苑2-1-1001','15968186714','zjjjyyh953844814@163.com','ROLE_USER','1'),('2963545374','大王咕噜米团子','{noop}0000','北京市海淀区学院路街道清华东路35号北京林业大学东区近邻宝','18810162981','787063491@qq.com','ROLE_USER','1'),('2971376961','ruo','{noop}0000','湖南省怀化市鹤城区瑞丰路128号晨光文具店（到了发短信）','15211591312','2971376961@qq.com','ROLE_USER','1'),('3025722893','桂圆圆圆圆圆圆','{noop}0000','浙江省杭州市拱墅区湖州街51号','13221091710','874320935@qq.com','ROLE_USER','1'),('3053708475','666霏雨','{noop}0000','广东省广州市天河区金颖路34号','13060688889','357882056@qq.com','ROLE_USER','1'),('3075206402','886','{noop}0000','浙江省杭州市临安区锦城街道吴越人家30幢502','13685781721','3075206402@qq.com','ROLE_USER','1'),('307698916','超甜的鱼','{noop}0000','湖南省长沙市长沙县榔黎综合市场a5栋106号','18374982011','307698916@qq.com','ROLE_USER','1'),('3112632661','薇熙','{noop}0000','江西省宜春市高安市第一小学','15970562850','3112632661@qq.com','ROLE_USER','1'),('3115809226','犀木','{noop}0000','湖北省十堰市茅箭区北京中路38号','17683828664','3115809266@qq.com','ROLE_USER','1'),('3116914224@qq.com','1818','{noop}0000','北京市海淀区中关村大街27号10层','13552014423','3116914224@qq.com','ROLE_USER','1'),('315040041','焦糖苹果挞','{noop}0000','江苏省苏州市昆山市隆祺国际d栋21楼','17712636049','315040041@qq.com','ROLE_USER','1'),('3153197594','速冻芥','{noop}0000','福建省福州市鼓楼区鼓东街道龙山巷七星井新村B5#102','15959107276','15959107276@163.com','ROLE_USER','1'),('315931633','LIfEsick','{noop}0000','江苏省南京市栖霞区仙林街道仙林大道138号南京中医药大学','13905237238','315931633@qq.com','ROLE_USER','1'),('3214808992','sound','{noop}0000','福建省福州市鼓楼区江滨西大道66号融侨锦江B区9号楼502','18606910278','3214808992@qq.com','ROLE_USER','1'),('3225714298','945-奈奈','{noop}0000','广东省深圳市南山区卓越浅水湾丰巢快递柜','13316990554','3225714298@qq.com','ROLE_USER','1'),('3256808052','28莲雾','{noop}0000','山东省济南市市中区鲁能领秀城中央公园17幢','15588503161','3256808052@qq.com','ROLE_USER','1'),('3267550684','问问','{noop}0000','收货人: 暮暮 手机号码: 15014191826 所在地区: 广东省广州市番禺区小谷围街道 详细地址: 广东省广州市番禺区小谷围街道华南师范大学大学城校区生活南区学南2栋','19860203136','y635473973@163.com','ROLE_USER','1'),('3281617949','929 深深的滑稽','{noop}0000','北京市海淀区 田村北路 碧森里小区 1号楼2单元701','18211089851','www.duruojia@qq.com','ROLE_USER','1'),('332764541','啦啦啦','{noop}0000','默认','默认','332764541@qq.com','ROLE_USER','1'),('3360437091','960-无茗','{noop}0000','内蒙古自治区呼和浩特市新城区成吉思汗大街兴泰东河湾帝宜超市','13904716407','2983972541@qq.com','ROLE_USER','1'),('3376528062','820-楼世卿','{noop}0000','河南省郑州市二七区 嵩山北路93号都市丽茵','15903621979','3376528062@qq.com','ROLE_USER','1'),('3394005042','520-邱文荇','{noop}0000','上海市长宁区长宁路1818弄20号301','13764378595','vicia_eli@163.com','ROLE_USER','1'),('3440721887','445','{noop}0000','江苏省无锡市梁溪区扬名街道扬名高新技术产业园C区12号','18626317155','3440721887@qq.com','ROLE_USER','1'),('345802227','1126 椰子','{noop}0000','浙江省温州市永嘉县乌牛街道乌牛一小','13736969101','345802227@qq.com','ROLE_USER','1'),('3552095229','群主背后的女人','{noop}0000','重庆市江北区首创鸿恩','13628382119','3552095229@qq.com','ROLE_USER','1'),('386792844','Sorceress','{noop}0000','陕西省咸阳市兴平市西城街道四零八社区','13474278751','386792844@qq.com','ROLE_USER','1'),('396787399','Arthur','{noop}0000','安徽省马鞍山市花山区康嘉花园14栋','18895559087','396787399@qq.com','ROLE_USER','1'),('403148827','342—顾青城','{noop}0000','南京市六合区大厂街道山畔四村第三栋503','15295782576','403148827@qq.com','ROLE_USER','1'),('404711506','619','{noop}0000','湖北省武汉市洪山区高新大道666号光谷生物城d3-4栋安翰科技（武汉）股份有限公司 王海龙 19907139717','19907139717','404711506@qq.com','ROLE_USER','1'),('406670893','镜子','{noop}0000','四川省成都市锦江区琉璃路88号','13882201786','406670893@qq.com','ROLE_USER','1'),('411028770','虞玖','{noop}0000','四川省雅安市四川农业大学二区','18200318655','411028770@qq.com','ROLE_USER','1'),('412633863','兰纾','{noop}0000','辽宁省盘锦市兴隆台区新工街道管子站小区六号楼三单元101','15241729920','412633863@qq.com','ROLE_USER','1'),('420951361','小灰灰','{noop}0000','内蒙古自治区包头市昆都仑区帝景小区12栋','18515216483','420951361@qq.com','ROLE_USER','1'),('438424016','靖靖蹲蹲','{noop}0000','广东省佛山市禅城区燎原路106号一座','18420333544','438424016@qq.com','ROLE_USER','1'),('443850360','159-卷毛猪','{noop}0000','浙江省杭州市临安区昌化镇林语山庄','15757135480','443850360@qq.com','ROLE_USER','1'),('446061153','鱼','{noop}0000','浙江省绍兴市鹤池苑稽山街道18幢105室','15958588248','446061153@qq.com','ROLE_USER','1'),('452461464','粥粥','{noop}0000','四川省成都市成华区八里小区文德路宝泰家园','18502825707','452461464@qq.com','ROLE_USER','1'),('467713555','HEART','{noop}0000','福建厦门','17359892386','467713555@qq.com','ROLE_USER','1'),('472094868','十四','{noop}0000','广东省深圳市龙华新区大浪街道华荣路395号联建科技工业园1栋','18503024294','472094868@qq.com','ROLE_USER','1'),('474666342','809-犯困困困','{noop}0000','上海市静安区曲沃路321弄门口菜鸟驿站快递柜','13671603311','474666342@qq.com','ROLE_USER','1'),('475823122','162vanessa','{noop}0000','江苏省南京市浦口区江浦街道 详细地址: 江浦街道浦珠南路30号南京工业大学 江浦校区 亚青丰巢自助服务区','15206192655','475823122@qq.com','ROLE_USER','1'),('495297244','simi','{noop}0000','江苏省梁溪区盛星苑4-4（西门门口）（菜鸟驿站：13771481558）','15295430907','495297244@qq.com','ROLE_USER','1'),('502890289','白鹅萌萌','{noop}0000','安徽省合肥市蜀山区金色池塘小区2C-8栋106室','18326127716','502890289@qq.com','ROLE_USER','1'),('503090428','366-苌楚','{noop}0000','上海市军工路2500号','13524605476','503090428@qq.com','ROLE_USER','1'),('510242874','晚风间','{noop}0000','福建省厦门市集美区集美大道668号（华侨大学）','18850331546','510242874@qq.com','ROLE_USER','1'),('514536537','小w','{noop}0000','江西省赣州市章贡区东外街道渡口路9号嘉福国际小区物业服务中心','13907079588','514536537@qq.com','ROLE_USER','1'),('514616215','1117-江重','{noop}0000','江苏省南京市玄武区珠江路203号','18101402903','514616215@qq.com','ROLE_USER','1'),('522570882','jo','{noop}0000','福建省厦门市湖里区观日西二里世贸湖滨首府b2区18号楼2001','15710632216','522570882@qq.com','ROLE_USER','1'),('529733729','虓虓','{noop}0000','浙江省杭州市江干区白杨街道学源街118号桃李苑5幢','19857111233','lzyin98@163.com','ROLE_USER','1'),('535598519','嘀嗒嘀嗒脆','{noop}0000','重庆市沙坪坝区虎溪街道重庆师范大学大学城校区嘉风A','18323098360','535598519@qq.com','ROLE_USER','1'),('541574521','西宥','{noop}0000','安徽省马鞍山市当涂县姑孰镇黄池路安徽工业大学工商学院新校区','15705563670','541574521@qq.com','ROLE_USER','1'),('544238609','瑾柯','{noop}0000','上海市浦东新区康桥东路688号2号楼','17317508195','544238609@qq.com','ROLE_USER','1'),('564566044','664-阿殇','{noop}0000','山东省济南市历下区山大南路27号山东大学中心校区','15248609088','564566044@qq.com','ROLE_USER','1'),('572432128','mumu','{noop}0000','湖南省岳阳市巴陵东开发区税务局','18908408333','572432128@qq.com','ROLE_USER','1'),('591851387','817-芣苢','{noop}0000','湖北省武汉市洪山区石牌岭路二号湖北轻工职业学院','15914069633','591851387@qq.com','ROLE_USER','1'),('596716814','690-vnadj','{noop}0000','上海市松江区文汇路1000弄四期学生公寓4号楼','18959096663','596716814@qq.com','ROLE_USER','1'),('634317188','申冥','{noop}0000','广东省广州市天河区宦溪西路边检小区19-2栋602室','18028645392','634317188@qq.com','ROLE_USER','1'),('642004559','499苏萱','{noop}0000','广西省南宁市青秀区青山路5号南宁三中','15658443031','642004559@qq.com','ROLE_USER','1'),('648603518','不含糖甘蔗','{noop}0000','陕西省西安市碑林区太乙路街道南二环东段366号西延家属楼3号楼1304户','15509859787','648603518@qq.com','ROLE_USER','1'),('648948000','做个小吃货吃遍大魔都','{noop}0000','上海市虹口区四平路758弄—请放丰巢柜','15800677080','648948000@qq.com','ROLE_USER','1'),('651235','Romanova','{noop}0000','湖北省 武汉市 洪山区 关东街道 武汉市华中师大一附中高中部','13006375045','651235@qq.com','ROLE_USER','1'),('727587304','13江衍策','{noop}0000','浙江省杭州市拱墅区小河街道都景公寓一幢二单元504室','13388609499','727587304@qq.com','ROLE_USER','1'),('736358948','水母','{noop}0000','黑龙江省大庆市萨尔图区东风新村时尚印象A1-1402','17604599494','736358948@qq.com','ROLE_USER','1'),('739853045','642 云亦婵','{noop}0000','上海市浦东新区三林镇杨南路689弄8号301室','18016398172','739853045@qq.com','ROLE_USER','1'),('745744412','916 小熊披风','{noop}0000','山东省青岛市崂山区中韩街道宁夏路308号青岛大学西院','18561302035','745744412@qq.com','ROLE_USER','1'),('750236181','团子707','{noop}0000','四川省成都市金牛区旺泉街10号','17340188663','750236181@qq.com','ROLE_USER','1'),('756656935','833☁️','{noop}0000','福建省三明市梅列区乾龙新村370栋2803室','13860593530','756656935@qq.com','ROLE_USER','1'),('763558547','羽衣','{noop}0000','江苏省无锡市滨湖区滴翠路98-1','15061855189','763558547@qq.com','ROLE_USER','1'),('763823358','1129红烧肉','{noop}0000','重庆市璧山区璧泉街道俊豪城东区9栋1单元7-1','18323181687','763823358@qq.com','ROLE_USER','1'),('782597569','阿夕','{noop}0000','广东省广州市荔湾区西村街道富力环市西苑G16栋901','13660402603','li0212ying@163.com','ROLE_USER','1'),('782643326','坚果','{noop}0000','浙江省温州市瓯海区茶山街道温州医科大学茶山校区学生公寓','17681721044','782643326@qq.com','ROLE_USER','1'),('785383436','1125－岚荞','{noop}0000','黑龙江省哈尔滨市南岗区黄河路73号哈工大二校区B03公寓','13613676037','www.1190502309@stu.hit.edu.cn','ROLE_USER','1'),('791912603','669—不能再买了','{noop}0000','山西省太原市小店区山西大学商务学院','15735215323','791912603@qq.com','ROLE_USER','1'),('794958071','烨烨','{noop}0000','湖北省武汉市江岸区后湖二路佳海名苑北区','18971178155','794958071@qq.com','ROLE_USER','1'),('8223676','二十一','{noop}0000','江苏省盐城市东台市三仓镇镇北三组','15962059306','8223676@qq.com','ROLE_USER','1'),('826050957','沈濯','{noop}0000','上海市虹口区四平路775号天宝华庭1号楼1209室','18101757582','826050957@qq.com','ROLE_USER','1'),('834788247','呆呆兽','{noop}0000','北京市西城区槐柏树街北里7-222','15901283593','834788247@qq.com','ROLE_USER','1'),('839664614','1200-working','{noop}0000','四川省成都市双流区剑南大道南段1288号','15308171379','839664614@qq.com','ROLE_USER','1'),('846929485','江鹤年','{noop}0000','安徽省合肥市瑶海区合肥龙岗综合经济开发区静安新城别墅区10-103','18010859367','846929485@qq.com','ROLE_USER','1'),('852166900','996吉吉','{noop}0000','浙江省金华市婺城区新狮街道浙江师范大学','17867962399','cixi55@126.com','ROLE_USER','1'),('861936549','央极','{noop}0000','山西省晋中市榆次区新晋世家','15634973680','861936549@qq.com','ROLE_USER','1'),('864600509','371','{noop}0000','上海市青浦区崧润路1028弄秀景苑二期1号楼1301','15317522838','swan1248@163.com','ROLE_USER','1'),('867691893','824-龍兮','{noop}0000','江苏省镇江市句容市宝华镇新湖仙林翠谷F6-2','17361780097','changlong0824@gmail.com','ROLE_USER','1'),('873063239','戏一.','{noop}0000','浙江省绍兴市柯桥区柯桥街道越州大道958号','13967174098','873063239@qq.com','ROLE_USER','1'),('879818863','青禾','{noop}0000','湖北省武汉市硚口区同济医学院学子苑','15027311810','879818863@qq.com','ROLE_USER','1'),('894888603','1099-阿洛','{noop}0000','上海市静安区柳营路588弄3号（门卫快递柜','18001791135','894888603@qq.com','ROLE_USER','1'),('897694163','gua','{noop}123','safrwgterhyre','18128037813','yuan.chou@foxmail.com','ROLE_ADMIN','1'),('914354538','关山','{noop}0000','海南省海口市秀英区白水塘第一高中','18976193983','914354538@qq.com','ROLE_USER','1'),('918781840','阿光','{noop}0000','山东省淄博市沂源县绿苑小区7号楼','18953377355','918781840@qq.com','ROLE_USER','1'),('924963876','好吃的乐狗','{noop}0000','上海市金山区石化板桥西路1148号','13916067979','924963876@qq.com','ROLE_USER','1'),('940862638','大可爱','{noop}0000','安徽省合肥市蜀山区经开区紫云路292号安徽建筑大学南区','13956162799','940862638@qq.com','ROLE_USER','1'),('952558328','460-梅琅','{noop}0000','辽宁省沈阳市和平区文体西路106号安维汽车装饰','13889199395','952558328@qq.com','ROLE_USER','1'),('958875306','396喻清','{noop}0000','福建省漳州市云霄县云陵镇云漳路90号（家）/南京市江宁科学园弘景大道1号（学校）','18059648028','958875306@qq.com','ROLE_USER','1'),('981754488','104 pyrra','{noop}0000','江苏省苏州市吴中区苏州大学独墅湖校区二期','18012392816','981754488@qq.com','ROLE_USER','1'),('982253279','林迟昼','{noop}0000','福建省厦门市思明区湖滨南路515号602室','18059823539','982253279@qq.com','ROLE_USER','1'),('982313126','1033-琳琳一无所有','{noop}0000','重庆市九龙坡区石桥铺街道四川外国语大学时属外国语学校菜鸟驿站','15213465112','982313126@qq.com','ROLE_USER','1'),('982449397','115-傅白','{noop}0000','北京市房山区拱辰街道北京中医药大学良乡校区东院','18801317505','982449397@qq.com','ROLE_USER','1'),('99460874','伊莱泽尔','{noop}0000','湖北武汉','18971693739','99460877@qq.com','ROLE_USER','1'),('995574764','星星','{noop}0000','江苏省南京市浦口区盘城街道南京信息工程大学西苑文园','17715263704','995574764@qq.com','ROLE_USER','1');
/*!40000 ALTER TABLE `user` ENABLE KEYS */;
UNLOCK TABLES;
/*!40103 SET TIME_ZONE=@OLD_TIME_ZONE */;

/*!40101 SET SQL_MODE=@OLD_SQL_MODE */;
/*!40014 SET FOREIGN_KEY_CHECKS=@OLD_FOREIGN_KEY_CHECKS */;
/*!40014 SET UNIQUE_CHECKS=@OLD_UNIQUE_CHECKS */;
/*!40101 SET CHARACTER_SET_CLIENT=@OLD_CHARACTER_SET_CLIENT */;
/*!40101 SET CHARACTER_SET_RESULTS=@OLD_CHARACTER_SET_RESULTS */;
/*!40101 SET COLLATION_CONNECTION=@OLD_COLLATION_CONNECTION */;
/*!40111 SET SQL_NOTES=@OLD_SQL_NOTES */;

-- Dump completed on 2019-09-06 18:31:29
